{"epoch": 14, "train loss": 1.531739510679245, "_timestamp": 1703758044.380557, "_runtime": 927.4217190742493, "_step": 30, "val loss": 1.5309653574943543, "_wandb": {"runtime": 602}}