{"epoch": 9, "train loss": 1.1568260403513908, "_timestamp": 1703762887.1803882, "_runtime": 472.36053133010864, "_step": 20, "val loss": 1.1752229278564452, "test accuracy": 0.2517000138759613}