{"epoch": 9, "train loss": 1.1855771406292914, "_timestamp": 1703759702.114161, "_runtime": 1440.6840090751648, "_step": 22, "val loss": 1.197912682199478, "accuracy": 0.2224999964237213, "test accuracy": 0.2224999964237213, "_wandb": {"runtime": 1548}}